multiLocationId,geocodeId
1,40227
1,40228
1,40229
2,40230
2,40231
3,40232
3,40233
4,40234
4,40235
5,40236
5,40237
6,40238
6,40239
7,40240
7,40241
8,40242
8,40243
9,40244
9,40245
10,40246
10,40247
11,40248
11,40249
12,40250
12,40251
13,40252
13,40253
14,40254
14,40255
15,40256
15,40257
16,40258
16,40259
17,40260
17,40261
18,40262
18,40263
18,40264
19,40265
19,40266
20,40267
20,40268
21,40269
21,40270
22,40271
22,40272
23,40273
23,40274
24,40275
24,40276
25,40277
25,40278
26,40279
26,40280
27,40281
27,40282
28,40283
28,40284
29,40285
29,40286
30,40287
30,40288
30,40289
31,40290
31,40291
31,40292
32,40293
32,40294
32,40295
33,40296
33,40297
34,40298
34,40299
35,40300
35,40301
36,40302
36,40303
37,40304
37,40305
38,40306
38,40307
39,40308
39,40309
40,40310
40,40311
41,40312
41,40313
42,40314
42,40315
43,40316
43,40317
44,40318
44,40319
45,40320
45,40321
46,40322
46,40323
47,40324
47,40325
47,40326
47,40327
48,40328
48,40329
49,40330
49,40331
50,40332
50,40333
51,40334
51,40335
52,40336
52,40337
52,40338
53,40339
53,40340
53,40341
54,40342
54,40343
55,40344
55,40345
56,40346
56,40347
56,40348
56,40349
56,40350
56,40351
56,40352
56,40353
56,40354
57,40355
57,40356
58,40357
58,40358
59,40359
59,40360
60,40361
60,40362
61,40363
61,40364
62,40365
62,40366
63,40367
63,40368
64,40369
64,40370
65,40371
65,40372
66,40373
66,40374
67,40375
67,40376
68,40377
68,40378
69,40379
69,40380
70,40381
70,40382
71,40383
71,40384
72,40385
72,40386
73,40387
73,40388
74,40389
74,40390
75,40391
75,40392
76,40393
76,40394
77,40395
77,40396
78,40397
78,40398
79,40399
79,40400
79,40401
79,40402
79,40403
80,40404
80,40405
80,40406
81,40407
81,40408
82,40409
82,40410
83,40411
83,40412
84,40413
84,40414
85,40415
85,40416
86,40417
86,40418
87,40419
87,40420
87,40421
88,40422
88,40423
88,40424
89,40425
89,40426
90,40427
90,40428
91,40429
91,40430
92,40431
92,40432
92,40433
93,40434
93,40435
94,40436
94,40437
95,40438
95,40439
96,40440
96,40441
97,40442
97,40443
98,40444
98,40445
98,40446
98,40447
98,40448
98,40449
98,40450
98,40451
99,40452
99,40453
99,40454
100,40455
100,40456
101,40457
101,40458
102,40459
102,40460
103,40461
103,40462
104,40463
104,40464
105,40465
105,40466
106,40467
106,40468
106,40469
106,40470
106,40471
106,40472
107,40473
107,40474
108,40475
108,40476
109,40477
109,40478
110,40479
110,40480
110,40481
110,40482
111,40483
111,40484
112,40485
112,40486
113,40487
113,40488
114,40489
114,40490
115,40491
115,40492
116,40493
116,40494
117,40495
117,40496
118,40497
118,40498
118,40499
118,40500
119,40501
119,40502
120,40503
120,40504
121,40505
121,40506
122,40507
122,40508
122,40509
122,40510
123,40511
123,40512
123,40513
124,40514
124,40515
125,40516
125,40517
126,40518
126,40519
127,40520
127,40521
128,40522
128,40523
129,40524
129,40525
129,40526
130,40527
130,40528
131,40529
131,40530
132,40531
132,40532
133,40533
133,40534
133,40535
133,40536
133,40537
133,40538
133,40539
133,40540
133,40541
133,40542
134,40543
134,40544
135,40545
135,40546
136,40547
136,40548
137,40549
137,40550
138,40551
138,40552
139,40553
139,40554
140,40555
140,40556
140,40557
140,40558
140,40559
141,40560
141,40561
142,40562
142,40563
142,40564
142,40565
143,40566
143,40567
143,40568
143,40569
144,40570
144,40571
145,40572
145,40573
146,40574
146,40575
146,40576
147,40577
147,40578
148,40579
148,40580
149,40581
149,40582
150,40583
150,40584
150,40585
151,40586
151,40587
152,40588
152,40589
153,40590
153,40591
153,40592
154,40593
154,40594
155,40595
155,40596
156,40597
156,40598
157,40599
157,40600
157,40601
158,40602
158,40603
158,40604
159,40605
159,40606
160,40607
160,40608
161,40609
161,40610
162,40611
162,40612
163,40613
163,40614
164,40615
164,40616
165,40617
165,40618
166,40619
166,40620
167,40621
167,40622
168,40623
168,40624
169,40625
169,40626
170,40627
170,40628
171,40629
171,40630
172,40631
172,40632
173,40633
173,40634
174,40635
174,40636
174,40637
174,40638
175,40639
175,40640
176,40641
176,40642
177,40643
177,40644
177,40645
177,40646
178,40647
178,40648
179,40649
179,40650
180,40651
180,40652
181,40653
181,40654
182,40655
182,40656
183,40657
183,40658
183,40659
183,40660
184,40661
184,40662
184,40663
185,40664
185,40665
186,40666
186,40667
186,40668
186,40669
186,40670
186,40671
186,40672
186,40673
186,40674
186,40675
187,40676
187,40677
188,40678
188,40679
188,40680
189,40681
189,40682
189,40683
190,40684
190,40685
191,40686
191,40687
191,40688
192,40689
192,40690
193,40691
193,40692
194,40693
194,40694
195,40695
195,40696
195,40697
196,40698
196,40699
197,40700
197,40701
198,40702
198,40703
199,40704
199,40705
200,40706
200,40707
201,40708
201,40709
202,40710
202,40711
203,40712
203,40713
203,40714
203,40715
203,40716
203,40717
203,40718
203,40719
203,40720
204,40721
204,40722
204,40723
205,40724
205,40725
206,40726
206,40727
207,40728
207,40729
208,40730
208,40731
209,40732
209,40733
210,40734
210,40735
211,40736
211,40737
212,40738
212,40739
212,40740
212,40741
213,40742
213,40743
214,40744
214,40745
215,40746
215,40747
216,40748
216,40749
217,40750
217,40751
218,40752
218,40753
219,40754
219,40755
220,40756
220,40757
221,40758
221,40759
222,40760
222,40761
223,40762
223,40763
224,40764
224,40765
225,40766
225,40767
226,40768
226,40769
227,40770
227,40771
228,40772
228,40773
229,40774
229,40775
230,40776
230,40777
231,40778
231,40779
231,40780
231,40781
231,40782
232,40783
232,40784
232,40785
232,40786
232,40787
233,40788
233,40789
233,40790
234,40791
234,40792
235,40793
235,40794
236,40795
236,40796
236,40797
236,40798
237,40799
237,40800
238,40801
238,40802
239,40803
239,40804
240,40805
240,40806
241,40807
241,40808
241,40809
241,40810
241,40811
241,40812
241,40813
242,40814
242,40815
243,40816
243,40817
244,40818
244,40819
245,40820
245,40821
246,40822
246,40823
247,40824
247,40825
247,40826
248,40827
248,40828
248,40829
249,40830
249,40831
250,40832
250,40833
250,40834
251,40835
251,40836
252,40837
252,40838
252,40839
252,40840
253,40841
253,40842
254,40843
254,40844
254,40845
255,40846
255,40847
255,40848
256,40849
256,40850
256,40851
256,40852
256,40853
256,40854
257,40855
257,40856
257,40857
257,40858
257,40859
257,40860
257,40861
257,40862
258,40863
258,40864
259,40865
259,40866
260,40867
260,40868
261,40869
261,40870
262,40871
262,40872
263,40873
263,40874
263,40875
264,40876
264,40877
265,40878
265,40879
266,40880
266,40881
267,40882
267,40883
268,40884
268,40885
269,40886
269,40887
270,40888
270,40889
271,40890
271,40891
272,40892
272,40893
273,40894
273,40895
274,40896
274,40897
274,40898
275,40899
275,40900
276,40901
276,40902
276,40903
277,40904
277,40905
278,40906
278,40907
279,40908
279,40909
280,40910
280,40911
280,40912
280,40913
280,40914
281,40915
281,40916
281,40917
282,40918
282,40919
283,40920
283,40921
284,40922
284,40923
284,40924
284,40925
285,40926
285,40927
286,40928
286,40929
287,40930
287,40931
288,40932
288,40933
289,40934
289,40935
290,40936
290,40937
291,40938
291,40939
292,40940
292,40941
292,40942
293,40943
293,40944
294,40945
294,40946
295,40947
295,40948
296,40949
296,40950
296,40951
297,40952
297,40953
298,40954
298,40955
299,40956
299,40957
300,40958
300,40959
301,40960
301,40961
302,40962
302,40963
303,40964
303,40965
304,40966
304,40967
305,40968
305,40969
305,40970
306,40971
306,40972
306,40973
307,40974
307,40975
307,40976
308,40977
308,40978
309,40979
309,40980
310,40981
310,40982
311,40983
311,40984
312,40985
312,40986
313,40987
313,40988
314,40989
314,40990
315,40991
315,40992
316,40993
316,40994
317,40995
317,40996
318,40997
318,40998
319,40999
319,41000
320,41001
320,41002
321,41003
321,41004
322,41005
322,41006
323,41007
323,41008
324,41009
324,41010
324,41011
324,41012
325,41013
325,41014
326,41015
326,41016
327,41017
327,41018
327,41019
328,41020
328,41021
329,41022
329,41023
329,41024
330,41025
330,41026
331,41027
331,41028
332,41029
332,41030
333,41031
333,41032
334,41033
334,41034
335,41035
335,41036
336,41037
336,41038
337,41039
337,41040
338,41041
338,41042
339,41043
339,41044
340,41045
340,41046
341,41047
341,41048
341,41049
342,41050
342,41051
342,41052
343,41053
343,41054
344,41055
344,41056
344,41057
345,41058
345,41059
346,41060
346,41061
347,41062
347,41063
347,41064
347,41065
348,41066
348,41067
349,41068
349,41069
350,41070
350,41071
350,41072
350,41073
351,41074
351,41075
351,41076
352,41077
352,41078
352,41079
352,41080
352,41081
352,41082
353,41083
353,41084
353,41085
353,41086
353,41087
353,41088
353,41089
353,41090
353,41091
353,41092
353,41093
353,41094
353,41095
353,41096
353,41097
353,41098
353,41099
354,41100
354,41101
354,41102
354,41103
354,41104
354,41105
354,41106
354,41107
354,41108
355,41109
355,41110
355,41111
355,41112
355,41113
356,41114
356,41115
356,41116
357,41117
357,41118
358,41119
358,41120
358,41121
358,41122
359,41123
359,41124
359,41125
359,41126
359,41127
360,41128
360,41129
360,41130
360,41131
360,41132
360,41133
361,41134
361,41135
362,41136
362,41137
363,41138
363,41139
363,41140
364,41141
364,41142
365,41143
365,41144
366,41145
366,41146
366,41147
367,41148
367,41149
368,41150
368,41151
368,41152
368,41153
369,41154
369,41155
369,41156
370,41157
370,41158
370,41159
370,41160
370,41161
371,41162
371,41163
371,41164
371,41165
372,41166
372,41167
372,41168
372,41169
373,41170
373,41171
374,41172
374,41173
374,41174
374,41175
374,41176
374,41177
375,41178
375,41179
375,41180
375,41181
376,41182
376,41183
376,41184
376,41185
376,41186
376,41187
377,41188
377,41189
377,41190
377,41191
377,41192
377,41193
377,41194
378,41195
378,41196
379,41197
379,41198
379,41199
380,41200
380,41201
380,41202
380,41203
381,41204
381,41205
381,41206
382,41207
382,41208
382,41209
382,41210
383,41211
383,41212
384,41213
384,41214
385,41215
385,41216
386,41217
386,41218
387,41219
387,41220
387,41221
388,41222
388,41223
388,41224
389,41225
389,41226
390,41227
390,41228
391,41229
391,41230
392,41231
392,41232
393,41233
393,41234
394,41235
394,41236
395,41237
395,41238
396,41239
396,41240
397,41241
397,41242
398,41243
398,41244
399,41245
399,41246
400,41247
400,41248
401,41249
401,41250
402,41251
402,41252
403,41253
403,41254
404,41255
404,41256
405,41257
405,41258
406,41259
406,41260
406,41261
406,41262
406,41263
406,41264
407,41265
407,41266
408,41267
408,41268
409,41269
409,41270
410,41271
410,41272
411,41273
411,41274
412,41275
412,41276
412,41277
413,41278
413,41279
414,41280
414,41281
415,41282
415,41283
416,41284
416,41285
417,41286
417,41287
418,41288
418,41289
419,41290
419,41291
420,41292
420,41293
421,41294
421,41295
421,41296
422,41297
422,41298
423,41299
423,41300
424,41301
424,41302
425,41303
425,41304
425,41305
426,41306
426,41307
427,41308
427,41309
427,41310
428,41311
428,41312
429,41313
429,41314
430,41315
430,41316
430,41317
431,41318
431,41319
432,41320
432,41321
433,41322
433,41323
434,41324
434,41325
435,41326
435,41327
436,41328
436,41329
436,41330
437,41331
437,41332
437,41333
438,41334
438,41335
439,41336
439,41337
439,41338
440,41339
440,41340
441,41341
441,41342
442,41343
442,41344
443,41345
443,41346
444,41347
444,41348
445,41349
445,41350
446,41351
446,41352
447,41353
447,41354
448,41355
448,41356
449,41357
449,41358
450,41359
450,41360
451,41361
451,41362
452,41363
452,41364
453,41365
453,41366
454,41367
454,41368
455,41369
455,41370
456,41371
456,41372
457,41373
457,41374
458,41375
458,41376
459,41377
459,41378
460,41379
460,41380
460,41381
461,41382
461,41383
462,41384
462,41385
463,41386
463,41387
464,41388
464,41389
465,41390
465,41391
466,41392
466,41393
467,41394
467,41395
468,41396
468,41397
469,41398
469,41399
470,41400
470,41401
471,41402
471,41403
472,41404
472,41405
473,41406
473,41407
474,41408
474,41409
475,41410
475,41411
476,41412
476,41413
477,41414
477,41415
477,41416
477,41417
477,41418
477,41419
477,41420
477,41421
477,41422
477,41423
477,41424
477,41425
477,41426
477,41427
477,41428
477,41429
477,41430
478,41431
478,41432
479,41433
479,41434
479,41435
480,41436
480,41437
481,41438
481,41439
482,41440
482,41441
483,41442
483,41443
484,41444
484,41445
485,41446
485,41447
486,41448
486,41449
487,41450
487,41451
488,41452
488,41453
489,41454
489,41455
490,41456
490,41457
491,41458
491,41459
492,41460
492,41461
493,41462
493,41463
494,41464
494,41465
495,41466
495,41467
496,41468
496,41469
497,41470
497,41471
498,41472
498,41473
499,41474
499,41475
500,41476
500,41477
501,41478
501,41479
502,41480
502,41481
503,41482
503,41483
504,41484
504,41485
505,41486
505,41487
506,41488
506,41489
507,41490
507,41491
508,41492
508,41493
509,41494
509,41495
510,41496
510,41497
511,41498
511,41499
512,41500
512,41501
513,41502
513,41503
514,41504
514,41505
515,41506
515,41507
515,41508
515,41509
515,41510
515,41511
515,41512
516,41513
516,41514
517,41515
517,41516
518,41517
518,41518
519,41519
519,41520
520,41521
520,41522
521,41523
521,41524
522,41525
522,41526
523,41527
523,41528
524,41529
524,41530
525,41531
525,41532
526,41533
526,41534
527,41535
527,41536
528,41537
528,41538
529,41539
529,41540
530,41541
530,41542
531,41543
531,41544
532,41545
532,41546
533,41547
533,41548
534,41549
534,41550
535,41551
535,41552
536,41553
536,41554
537,41555
537,41556
538,41557
538,41558
539,41559
539,41560
540,41561
540,41562
541,41563
541,41564
542,41565
542,41566
543,41567
543,41568
544,41569
544,41570
545,41571
545,41572
545,41573
546,41574
546,41575
547,41576
547,41577
548,41578
548,41579
549,41580
549,41581
550,41582
550,41583
551,41584
551,41585
551,41586
552,41587
552,41588
552,41589
553,41590
553,41591
553,41592
554,41593
554,41594
555,41595
555,41596
556,41597
556,41598
557,41599
557,41600
558,41601
558,41602
559,41603
559,41604
560,41605
560,41606
561,41607
561,41608
562,41609
562,41610
563,41611
563,41612
563,41613
563,41614
564,41615
564,41616
565,41617
565,41618
566,41619
566,41620
566,41621
567,41622
567,41623
568,41624
568,41625
569,41626
569,41627
570,41628
570,41629
570,41630
570,41631
570,41632
571,41633
571,41634
572,41635
572,41636
573,41637
573,41638
574,41639
574,41640
575,41641
575,41642
576,41643
576,41644
577,41645
577,41646
578,41647
578,41648
579,41649
579,41650
579,41651
580,41652
580,41653
581,41654
581,41655
581,41656
581,41657
581,41658
581,41659
582,41660
582,41661
582,41662
582,41663
583,41664
583,41665
584,41666
584,41667
585,41668
585,41669
586,41670
586,41671
587,41672
587,41673
588,41674
588,41675
588,41676
589,41677
589,41678
590,41679
590,41680
591,41681
591,41682
592,41683
592,41684
593,41685
593,41686
594,41687
594,41688
595,41689
595,41690
596,41691
596,41692
597,41693
597,41694
598,41695
598,41696
599,41697
599,41698
600,41699
600,41700
601,41701
601,41702
602,41703
602,41704
603,41705
603,41706
604,41707
604,41708
604,41709
604,41710
605,41711
605,41712
606,41713
606,41714
607,41715
607,41716
608,41717
608,41718
609,41719
609,41720
610,41721
610,41722
611,41723
611,41724
612,41725
612,41726
613,41727
613,41728
614,41729
614,41730
615,41731
615,41732
616,41733
616,41734
617,41735
617,41736
618,41737
618,41738
619,41739
619,41740
620,41741
620,41742
621,41743
621,41744
622,41745
622,41746
623,41747
623,41748
624,41749
624,41750
625,41751
625,41752
626,41753
626,41754
627,41755
627,41756
627,41757
628,41758
628,41759
628,41760
629,41761
629,41762
630,41763
630,41764
631,41765
631,41766
632,41767
632,41768
633,41769
633,41770
634,41771
634,41772
635,41773
635,41774
636,41775
636,41776
637,41777
637,41778
637,41779
638,41780
638,41781
639,41782
639,41783
640,41784
640,41785
641,41786
641,41787
642,41788
642,41789
643,41790
643,41791
644,41792
644,41793
645,41794
645,41795
646,41796
646,41797
647,41798
647,41799
648,41800
648,41801
649,41802
649,41803
649,41804
650,41805
650,41806
651,41807
651,41808
652,41809
652,41810
653,41811
653,41812
654,41813
654,41814
655,41815
655,41816
656,41817
656,41818
657,41819
657,41820
658,41821
658,41822
659,41823
659,41824
660,41825
660,41826
661,41827
661,41828
662,41829
662,41830
662,41831
663,41832
663,41833
664,41834
664,41835
665,41836
665,41837
666,41838
666,41839
667,41840
667,41841
668,41842
668,41843
669,41844
669,41845
670,41846
670,41847
671,41848
671,41849
672,41850
672,41851
672,41852
673,41853
673,41854
674,41855
674,41856
675,41857
675,41858
675,41859
676,41860
676,41861
677,41862
677,41863
678,41864
678,41865
679,41866
679,41867
680,41868
680,41869
681,41870
681,41871
682,41872
682,41873
683,41874
683,41875
684,41876
684,41877
685,41878
685,41879
686,41880
686,41881
687,41882
687,41883
687,41884
688,41885
688,41886
688,41887
688,41888
689,41889
689,41890
690,41891
690,41892
691,41893
691,41894
692,41895
692,41896
693,41897
693,41898
694,41899
694,41900
695,41901
695,41902
696,41903
696,41904
697,41905
697,41906
697,41907
698,41908
698,41909
698,41910
699,41911
699,41912
700,41913
700,41914
701,41915
701,41916
702,41917
702,41918
702,41919
703,41920
703,41921
704,41922
704,41923
704,41924
705,41925
705,41926
705,41927
706,41928
706,41929
707,41930
707,41931
708,41932
708,41933
709,41934
709,41935
709,41936
710,41937
710,41938
711,41939
711,41940
711,41941
712,41942
712,41943
713,41944
713,41945
714,41946
714,41947
715,41948
715,41949
716,41950
716,41951
716,41952
716,41953
717,41954
717,41955
718,41956
718,41957
719,41958
719,41959
720,41960
720,41961
720,41962
720,41963
720,41964
720,41965
720,41966
720,41967
720,41968
720,41969
720,41970
720,41971
720,41972
720,41973
720,41974
720,41975
720,41976
721,41977
721,41978
721,41979
721,41980
722,41981
722,41982
722,41983
723,41984
723,41985
723,41986
724,41987
724,41988
725,41989
725,41990
726,41991
726,41992
727,41993
727,41994
727,41995
728,41996
728,41997
728,41998
728,41999
728,42000
729,42001
729,42002
729,42003
730,42004
730,42005
731,42006
731,42007
732,42008
732,42009
733,42010
733,42011
733,42012
733,42013
733,42014
733,42015
734,42016
734,42017
734,42018
734,42019
734,42020
734,42021
734,42022
735,42023
735,42024
735,42025
735,42026
736,42027
736,42028
737,42029
737,42030
738,42031
738,42032
739,42033
739,42034
740,42035
740,42036
741,42037
741,42038
742,42039
742,42040
743,42041
743,42042
744,42043
744,42044
745,42045
745,42046
745,42047
746,42048
746,42049
746,42050
747,42051
747,42052
748,42053
748,42054
749,42055
749,42056
750,42057
750,42058
751,42059
751,42060
752,42061
752,42062
753,42063
753,42064
754,42065
754,42066
755,42067
755,42068
756,42069
756,42070
757,42071
757,42072
758,42073
758,42074
759,42075
759,42076
760,42077
760,42078
761,42079
761,42080
762,42081
762,42082
763,42083
763,42084
764,42085
764,42086
765,42087
765,42088
766,42089
766,42090
767,42091
767,42092
768,42093
768,42094
769,42095
769,42096
770,42097
770,42098
770,42099
770,42100
770,42101
770,42102
771,42103
771,42104
772,42105
772,42106
773,42107
773,42108
774,42109
774,42110
775,42111
775,42112
776,42113
776,42114
777,42115
777,42116
777,42117
777,42118
777,42119
778,42120
778,42121
779,42122
779,42123
780,42124
780,42125
781,42126
781,42127
782,42128
782,42129
782,42130
782,42131
783,42132
783,42133
784,42134
784,42135
785,42136
785,42137
786,42138
786,42139
787,42140
787,42141
788,42142
788,42143
789,42144
789,42145
790,42146
790,42147
790,42148
791,42149
791,42150
792,42151
792,42152
793,42153
793,42154
794,42155
794,42156
795,42157
795,42158
796,42159
796,42160
797,42161
797,42162
798,42163
798,42164
799,42165
799,42166
800,42167
800,42168
801,42169
801,42170
802,42171
802,42172
803,42173
803,42174
804,42175
804,42176
805,42177
805,42178
806,42179
806,42180
806,42181
807,42182
807,42183
808,42184
808,42185
809,42186
809,42187
810,42188
810,42189
811,42190
811,42191
812,42192
812,42193
813,42194
813,42195
814,42196
814,42197
815,42198
815,42199
816,42200
816,42201
817,42202
817,42203
818,42204
818,42205
819,42206
819,42207
820,42208
820,42209
821,42210
821,42211
822,42212
822,42213
823,42214
823,42215
824,42216
824,42217
825,42218
825,42219
826,42220
826,42221
827,42222
827,42223
828,42224
828,42225
829,42226
829,42227
830,42228
830,42229
831,42230
831,42231
832,42232
832,42233
833,42234
833,42235
834,42236
834,42237
835,42238
835,42239
836,42240
836,42241
837,42242
837,42243
838,42244
838,42245
839,42246
839,42247
840,42248
840,42249
841,42250
841,42251
842,42252
842,42253
843,42254
843,42255
843,42256
843,42257
843,42258
843,42259
843,42260
843,42261
843,42262
844,42263
844,42264
844,42265
844,42266
844,42267
844,42268
845,42269
845,42270
846,42271
846,42272
846,42273
847,42274
847,42275
848,42276
848,42277
848,42278
848,42279
849,42280
849,42281
850,42282
850,42283
851,42284
851,42285
852,42286
852,42287
853,42288
853,42289
854,42290
854,42291
855,42292
855,42293
856,42294
856,42295
857,42296
857,42297
857,42298
858,42299
858,42300
858,42301
858,42302
859,42303
859,42304
860,42305
860,42306
861,42307
861,42308
862,42309
862,42310
862,42311
863,42312
863,42313
864,42314
864,42315
865,42316
865,42317
866,42318
866,42319
867,42320
867,42321
868,42322
868,42323
869,42324
869,42325
870,42326
870,42327
870,42328
870,42329
870,42330
870,42331
870,42332
870,42333
870,42334
870,42335
870,42336
870,42337
870,42338
870,42339
870,42340
870,42341
871,42342
871,42343
871,42344
871,42345
871,42346
871,42347
871,42348
871,42349
872,42350
872,42351
873,42352
873,42353
874,42354
874,42355
875,42356
875,42357
876,42358
876,42359
877,42360
877,42361
878,42362
878,42363
878,42364
879,42365
879,42366
880,42367
880,42368
881,42369
881,42370
882,42371
882,42372
883,42373
883,42374
883,42375
884,42376
884,42377
884,42378
885,42379
885,42380
885,42381
886,42382
886,42383
886,42384
886,42385
887,42386
887,42387
887,42388
888,42389
888,42390
889,42391
889,42392
889,42393
889,42394
889,42395
890,42396
890,42397
890,42398
890,42399
891,42400
891,42401
892,42402
892,42403
893,42404
893,42405
893,42406
893,42407
894,42408
894,42409
895,42410
895,42411
896,42412
896,42413
897,42414
897,42415
898,42416
898,42417
899,42418
899,42419
900,42420
900,42421
901,42422
901,42423
902,42424
902,42425
903,42426
903,42427
904,42428
904,42429
904,42430
905,42431
905,42432
905,42433
906,42434
906,42435
907,42436
907,42437
908,42438
908,42439
909,42440
909,42441
910,42442
910,42443
911,42444
911,42445
912,42446
912,42447
913,42448
913,42449
914,42450
914,42451
914,42452
915,42453
915,42454
916,42455
916,42456
917,42457
917,42458
918,42459
918,42460
919,42461
919,42462
920,42463
920,42464
920,42465
920,42466
921,42467
921,42468
922,42469
922,42470
922,42471
923,42472
923,42473
924,42474
924,42475
925,42476
925,42477
926,42478
926,42479
927,42480
927,42481
928,42482
928,42483
929,42484
929,42485
930,42486
930,42487
931,42488
931,42489
932,42490
932,42491
933,42492
933,42493
934,42494
934,42495
935,42496
935,42497
936,42498
936,42499
937,42500
937,42501
938,42502
938,42503
938,42504
939,42505
939,42506
940,42507
940,42508
941,42509
941,42510
942,42511
942,42512
943,42513
943,42514
944,42515
944,42516
945,42517
945,42518
946,42519
946,42520
946,42521
946,42522
946,42523
946,42524
947,42525
947,42526
947,42527
948,42528
948,42529
949,42530
949,42531
950,42532
950,42533
951,42534
951,42535
952,42536
952,42537
953,42538
953,42539
954,42540
954,42541
955,42542
955,42543
956,42544
956,42545
957,42546
957,42547
958,42548
958,42549
959,42550
959,42551
960,42552
960,42553
961,42554
961,42555
962,42556
962,42557
963,42558
963,42559
964,42560
964,42561
965,42562
965,42563
966,42564
966,42565
966,42566
967,42567
967,42568
968,42569
968,42570
969,42571
969,42572
970,42573
970,42574
971,42575
971,42576
971,42577
971,42578
972,42579
972,42580
973,42581
973,42582
974,42583
974,42584
975,42585
975,42586
976,42587
976,42588
977,42589
977,42590
978,42591
978,42592
979,42593
979,42594
980,42595
980,42596
981,42597
981,42598
981,42599
982,42600
982,42601
983,42602
983,42603
984,42604
984,42605
985,42606
985,42607
986,42608
986,42609
987,42610
987,42611
988,42612
988,42613
989,42614
989,42615
990,42616
990,42617
991,42618
991,42619
992,42620
992,42621
993,42622
993,42623
994,42624
994,42625
995,42626
995,42627
996,42628
996,42629
997,42630
997,42631
998,42632
998,42633
999,42634
999,42635
999,42636
1000,42637
1000,42638
1001,42639
1001,42640
1002,42641
1002,42642
1003,42643
1003,42644
1004,42645
1004,42646
1005,42647
1005,42648
1005,42649
1005,42650
1005,42651
1005,42652
1005,42653
1005,42654
1005,42655
1005,42656
1005,42657
1005,42658
1006,42659
1006,42660
1007,42661
1007,42662
1008,42663
1008,42664
1008,42665
1009,42666
1009,42667
1010,42668
1010,42669
1011,42670
1011,42671
1012,42672
1012,42673
1012,42674
1013,42675
1013,42676
1014,42677
1014,42678
1014,42679
1015,42680
1015,42681
1016,42682
1016,42683
1017,42684
1017,42685
1018,42686
1018,42687
1019,42688
1019,42689
1020,42690
1020,42691
1021,42692
1021,42693
1022,42694
1022,42695
1023,42696
1023,42697
1024,42698
1024,42699
1025,42700
1025,42701
1026,42702
1026,42703
1027,42704
1027,42705
1028,42706
1028,42707
1029,42708
1029,42709
1029,42710
1029,42711
1029,42712
1030,42713
1030,42714
1030,42715
1030,42716
1031,42717
1031,42718
1032,42719
1032,42720
1033,42721
1033,42722
1033,42723
1034,42724
1034,42725
1035,42726
1035,42727
1036,42728
1036,42729
1037,42730
1037,42731
1038,42732
1038,42733
1039,42734
1039,42735
1040,42736
1040,42737
1041,42738
1041,42739
1042,42740
1042,42741
1043,42742
1043,42743
1044,42744
1044,42745
1045,42746
1045,42747
1046,42748
1046,42749
1047,42750
1047,42751
1048,42752
1048,42753
1049,42754
1049,42755
1050,42756
1050,42757
1051,42758
1051,42759
1052,42760
1052,42761
1053,42762
1053,42763
1054,42764
1054,42765
1055,42766
1055,42767
1056,42768
1056,42769
1057,42770
1057,42771
1058,42772
1058,42773
1059,42774
1059,42775
1060,42776
1060,42777
1061,42778
1061,42779
1062,42780
1062,42781
1063,42782
1063,42783
1064,42784
1064,42785
1065,42786
1065,42787
1066,42788
1066,42789
1067,42790
1067,42791
1068,42792
1068,42793
1069,42794
1069,42795
1070,42796
1070,42797
1071,42798
1071,42799
1072,42800
1072,42801
1073,42802
1073,42803
1074,42804
1074,42805
1075,42806
1075,42807
1076,42808
1076,42809
1077,42810
1077,42811
1078,42812
1078,42813
1079,42814
1079,42815
1079,42816
1079,42817
1079,42818
1079,42819
1080,42820
1080,42821
1080,42822
1081,42823
1081,42824
1082,42825
1082,42826
1083,42827
1083,42828
1084,42829
1084,42830
1085,42831
1085,42832
1086,42833
1086,42834
1087,42835
1087,42836
1088,42837
1088,42838
1089,42839
1089,42840
1090,42841
1090,42842
1090,42843
1091,42844
1091,42845
1091,42846
1092,42847
1092,42848
1093,42849
1093,42850
1094,42851
1094,42852
1095,42853
1095,42854
1096,42855
1096,42856
1097,42857
1097,42858
1098,42859
1098,42860
1099,42861
1099,42862
1100,42863
1100,42864
1101,42865
1101,42866
1101,42867
1102,42868
1102,42869
1103,42870
1103,42871
1104,42872
1104,42873
1105,42874
1105,42875
1106,42876
1106,42877
1107,42878
1107,42879
1108,42880
1108,42881
1109,42882
1109,42883
1110,42884
1110,42885
1111,42886
1111,42887
1112,42888
1112,42889
1113,42890
1113,42891
1114,42892
1114,42893
1115,42894
1115,42895
1116,42896
1116,42897
1117,42898
1117,42899
1118,42900
1118,42901
1119,42902
1119,42903
1120,42904
1120,42905
1120,42906
1121,42907
1121,42908
1122,42909
1122,42910
1123,42911
1123,42912
1124,42913
1124,42914
1125,42915
1125,42916
1126,42917
1126,42918
1127,42919
1127,42920
1128,42921
1128,42922
1129,42923
1129,42924
1129,42925
1129,42926
1129,42927
1130,42928
1130,42929
1130,42930
1131,42931
1131,42932
1132,42933
1132,42934
1133,42935
1133,42936
1133,42937
1133,42938
1133,42939
1134,42940
1134,42941
1135,42942
1135,42943
1136,42944
1136,42945
1137,42946
1137,42947
1138,42948
1138,42949
1139,42950
1139,42951
1139,42952
1140,42953
1140,42954
1140,42955
1141,42956
1141,42957
1142,42958
1142,42959
1143,42960
1143,42961
1143,42962
1144,42963
1144,42964
1144,42965
1145,42966
1145,42967
1145,42968
1146,42969
1146,42970
1146,42971
1147,42972
1147,42973
1148,42974
1148,42975
1149,42976
1149,42977
1149,42978
1150,42979
1150,42980
1151,42981
1151,42982
1152,42983
1152,42984
1152,42985
1153,42986
1153,42987
1154,42988
1154,42989
1155,42990
1155,42991
1156,42992
1156,42993
1157,42994
1157,42995
1158,42996
1158,42997
1159,42998
1159,42999
1160,43000
1160,43001
1161,43002
1161,43003
1162,43004
1162,43005
1163,43006
1163,43007
1164,43008
1164,43009
1165,43010
1165,43011
1166,43012
1166,43013
1167,43014
1167,43015
1168,43016
1168,43017
1168,43018
1168,43019
1168,43020
1168,43021
1168,43022
1168,43023
1168,43024
1168,43025
1168,43026
1168,43027
1168,43028
1168,43029
1168,43030
1168,43031
1168,43032
1168,43033
1168,43034
1168,43035
1168,43036
1169,43037
1169,43038
1170,43039
1170,43040
1170,43041
1170,43042
1170,43043
1170,43044
1171,43045
1171,43046
1172,43047
1172,43048
1173,43049
1173,43050
1174,43051
1174,43052
1175,43053
1175,43054
1176,43055
1176,43056
1177,43057
1177,43058
1178,43059
1178,43060
1179,43061
1179,43062
1180,43063
1180,43064
1181,43065
1181,43066
1182,43067
1182,43068
1183,43069
1183,43070
1184,43071
1184,43072
1185,43073
1185,43074
1186,43075
1186,43076
1187,43077
1187,43078
1188,43079
1188,43080
1189,43081
1189,43082
1190,43083
1190,43084
1191,43085
1191,43086
1192,43087
1192,43088
1193,43089
1193,43090
1194,43091
1194,43092
1195,43093
1195,43094
1196,43095
1196,43096
1197,43097
1197,43098
1198,43099
1198,43100
1199,43101
1199,43102
1200,43103
1200,43104
1201,43105
1201,43106
1202,43107
1202,43108
1203,43109
1203,43110
1204,43111
1204,43112
1205,43113
1205,43114
1206,43115
1206,43116
1207,43117
1207,43118
1208,43119
1208,43120
1209,43121
1209,43122
1209,43123
1209,43124
1210,43125
1210,43126
1211,43127
1211,43128
1211,43129
1211,43130
1212,43131
1212,43132
1213,43133
1213,43134
1214,43135
1214,43136
1215,43137
1215,43138
1216,43139
1216,43140
1217,43141
1217,43142
1218,43143
1218,43144
1218,43145
1219,43146
1219,43147
1219,43148
1219,43149
1219,43150
1219,43151
1219,43152
1219,43153
1219,43154
1219,43155
1219,43156
1219,43157
1219,43158
1219,43159
1219,43160
1220,43161
1220,43162
1221,43163
1221,43164
1222,43165
1222,43166
1223,43167
1223,43168
1224,43169
1224,43170
1224,43171
1224,43172
1224,43173
1224,43174
1224,43175
1224,43176
1224,43177
1224,43178
1224,43179
1224,43180
1225,43181
1225,43182
1225,43183
1226,43184
1226,43185
1226,43186
1226,43187
1226,43188
1226,43189
1227,43190
1227,43191
1227,43192
1227,43193
1228,43194
1228,43195
1228,43196
1229,43197
1229,43198
1229,43199
1230,43200
1230,43201
1231,43202
1231,43203
1232,43204
1232,43205
1233,43206
1233,43207
1234,43208
1234,43209
1235,43210
1235,43211
1236,43212
1236,43213
1237,43214
1237,43215
1238,43216
1238,43217
1238,43218
1238,43219
1239,43220
1239,43221
1240,43222
1240,43223
1241,43224
1241,43225
1241,43226
1242,43227
1242,43228
1243,43229
1243,43230
1244,43231
1244,43232
1245,43233
1245,43234
1246,43235
1246,43236
1247,43237
1247,43238
1248,43239
1248,43240
1249,43241
1249,43242
1250,43243
1250,43244
1251,43245
1251,43246
1252,43247
1252,43248
1253,43249
1253,43250
1254,43251
1254,43252
1255,43253
1255,43254
1256,43255
1256,43256
1257,43257
1257,43258
1257,43259
1258,43260
1258,43261
1259,43262
1259,43263
1260,43264
1260,43265
1261,43266
1261,43267
1262,43268
1262,43269
1263,43270
1263,43271
1264,43272
1264,43273
1264,43274
1265,43275
1265,43276
1266,43277
1266,43278
1266,43279
1267,43280
1267,43281
1268,43282
1268,43283
1269,43284
1269,43285
1270,43286
1270,43287
1270,43288
1270,43289
1271,43290
1271,43291
1272,43292
1272,43293
1273,43294
1273,43295
1274,43296
1274,43297
1275,43298
1275,43299
1276,43300
1276,43301
1276,43302
1276,43303
1277,43304
1277,43305
1278,43306
1278,43307
1279,43308
1279,43309
1280,43310
1280,43311
1280,43312
1281,43313
1281,43314
1282,43315
1282,43316
1283,43317
1283,43318
1284,43319
1284,43320
1285,43321
1285,43322
1286,43323
1286,43324
1286,43325
1286,43326
1287,43327
1287,43328
1288,43329
1288,43330
1289,43331
1289,43332
1290,43333
1290,43334
1291,43335
1291,43336
1291,43337
1292,43338
1292,43339
1292,43340
1293,43341
1293,43342
1293,43343
1293,43344
1294,43345
1294,43346
1294,43347
1295,43348
1295,43349
1296,43350
1296,43351
1296,43352
1296,43353
1296,43354
1297,43355
1297,43356
1297,43357
1298,43358
1298,43359
1298,43360
1299,43361
1299,43362
1300,43363
1300,43364
1300,43365
1300,43366
1300,43367
1301,43368
1301,43369
1301,43370
1301,43371
1301,43372
1301,43373
1302,43374
1302,43375
1303,43376
1303,43377
1304,43378
1304,43379
1304,43380
1305,43381
1305,43382
1306,43383
1306,43384
1307,43385
1307,43386
1308,43387
1308,43388
1309,43389
1309,43390
1310,43391
1310,43392
1311,43393
1311,43394
1312,43395
1312,43396
1312,43397
1312,43398
1313,43399
1313,43400
1314,43401
1314,43402
1315,43403
1315,43404
1316,43405
1316,43406
1317,43407
1317,43408
1318,43409
1318,43410
1318,43411
1319,43412
1319,43413
1320,43414
1320,43415
1320,43416
1321,43417
1321,43418
1322,43419
1322,43420
1323,43421
1323,43422
1324,43423
1324,43424
1325,43425
1325,43426
1326,43427
1326,43428
1327,43429
1327,43430
1328,43431
1328,43432
1329,43433
1329,43434
1330,43435
1330,43436
1331,43437
1331,43438
1332,43439
1332,43440
1333,43441
1333,43442
1334,43443
1334,43444
1335,43445
1335,43446
1336,43447
1336,43448
1336,43449
1336,43450
1336,43451
1336,43452
1336,43453
1336,43454
1336,43455
1336,43456
1336,43457
1336,43458
1336,43459
1336,43460
1337,43461
1337,43462
1338,43463
1338,43464
1339,43465
1339,43466
1340,43467
1340,43468
1341,43469
1341,43470
1342,43471
1342,43472
1343,43473
1343,43474
1344,43475
1344,43476
1345,43477
1345,43478
1345,43479
1345,43480
1345,43481
1345,43482
1345,43483
1346,43484
1346,43485
1347,43486
1347,43487
1348,43488
1348,43489
1349,43490
1349,43491
1350,43492
1350,43493
1351,43494
1351,43495
1352,43496
1352,43497
1353,43498
1353,43499
1354,43500
1354,43501
1355,43502
1355,43503
1356,43504
1356,43505
1357,43506
1357,43507
1357,43508
1357,43509
1357,43510
1358,43511
1358,43512
1358,43513
1359,43514
1359,43515
1360,43516
1360,43517
1361,43518
1361,43519
1362,43520
1362,43521
1362,43522
1363,43523
1363,43524
1363,43525
1364,43526
1364,43527
1365,43528
1365,43529
1366,43530
1366,43531
1367,43532
1367,43533
1368,43534
1368,43535
1368,43536
1369,43537
1369,43538
1370,43539
1370,43540
1371,43541
1371,43542
1372,43543
1372,43544
1373,43545
1373,43546
1374,43547
1374,43548
1375,43549
1375,43550
1376,43551
1376,43552
1377,43553
1377,43554
1377,43555
1378,43556
1378,43557
1379,43558
1379,43559
1380,43560
1380,43561
1381,43562
1381,43563
1382,43564
1382,43565
1383,43566
1383,43567
1384,43568
1384,43569
1385,43570
1385,43571
1386,43572
1386,43573
1387,43574
1387,43575
1387,43576
1388,43577
1388,43578
1388,43579
1388,43580
1388,43581
1389,43582
1389,43583
1390,43584
1390,43585
1391,43586
1391,43587
1392,43588
1392,43589
1393,43590
1393,43591
1394,43592
1394,43593
1395,43594
1395,43595
1396,43596
1396,43597
1397,43598
1397,43599
1398,43600
1398,43601
1399,43602
1399,43603
1400,43604
1400,43605
1401,43606
1401,43607
